,Route
0,London to Santiago
1,London Heathrow to Faro
2,Kuwait to Lisbon via London
3,London to Munich
4,Frankfurt to London City
5,London to Keflavik
6,Mumbai to London
7,Houston to London Heathrow
8,London to Miami
9,Los Angeles to London
10,New York JFK to Malaga via London
11,Chicago to Rome via London
12,London to Malaga
13,Frankfurt to London Heathrow
14,Tenerife to Gatwick
15,London Heathrow to Malaga 
16,Newark to London
17,London to Johannesburg
18,LHR to LAX
19,Delhi to Vancouver via London
20,Copenhagen to London
21,Larnaca to London Heathrow
22,Washington to London
23,London to Miami
24,London to Paris
25,London to Algiers
26,Edinburgh to London City
27,London to Vienna
28,San Francisco to Warsaw via London
29,Frankfurt to London City
30,London to Lyon
31,London to Hong Kong
32,Gatwick to Montpelier
33,London to Mumbai
34,Keflavik  to London
35,Gibraltar to London Heathrow
36,Madrid to London
37,Rhodes to Gatwick
38,Barcelona to London
39,Inverness to Los Angeles via London
40,London City Airport to Frankfurt
41,Amsterdam to London City 
42,Dalaman to Gatwick 
43,Seattle to London Heathrow
44,Gatwick to Dalaman 
45,London to Rhodes
46,Newcastle to Las Vegas via Heathrow
47,London to Miami
48,Amman to London
49,Chennai to London 
50,Istanbul to London
51,London to Edinburgh
52,Kingston to London
53,London Heathrow to Cape Town
54,London Heathrow to Ibiza
55,Washington to London
56,London Heathrow to Naples
57,Berlin to London
58,Glasgow to London
59,Dubai to Keflavik via London
60,Cairo to London
61,London to Madrid
62,London to Cairo
63,New Orleans to London
64,London to Amman
65,Heathrow to Bodrum
66,Amman to London
67,London City to Ibiza
68,London to Washington
69,Amsterdam to London
70,London Heathrow to Kalamata
71,London to Funchal 
72,Marseille to Seattle via London Heathrow
73,Cairo to London 
74,Bucharest to Dallas via London
75,Gatwick to Venice
76,Dublin to London City
77,Tokyo to Manchester via Heathrow
78,San Francisco to London
79,Santiago to London
80,Seattle to Nice via London
81,Sydney via Singapore to London Heathrow 
82,Seattle to Edinburgh via Heathrow
83,Athens to Durban via London Heathrow
84,Vancouver to London Heathrow
85,Vancouver to Barcelona via London
86,Boston to Cairo via London
87,London to Santorini
88,Heathrow to Mumbai
89,London to Larnaca
90,Nice to London Heathrow
91,Las Vegas to Venice
92,London to New York
93,Lisbon to London 
94,Dallas to Madrid via London
95,London to Valencia
96,London to Glasgow
97,London Heathrow to Malaga 
98,London to Nice
99,London to San Francisco
100,London to Dallas
101,London to Madrid
102,London to Belfast
103,Los Angeles to London
104,Atlanta to London
105,
106,Sydney to London via Singapore
107,Heathrow to Faro
108,London to Barcelona
109,New York to London
110,Singapore to London
111,Sweden to Los Angeles via London
112,Seattle to Zagreb via London
113,"Bangalore to Toronto via London, "
114,London to Denver
115,London to Hong Kong
116,Brussels to Los Angeles via London Heathrow
117,Copenhagen to London
118,London to Denver
119,Hong Kong to London
120,Heathrow to Malaga
121,Santorini to Gatwick
122,Madrid to Belfast via London
123,Dublin to London
124,London to Venice
125,Las Vegas to London
126,Faro to Heathrow
127,London to Atlanta
128,London to Copenhagen
129,London to Malta
130,Belfast to London
131,London to Hong Kong
132,Mumbai to Chicago via London
133,London to New York
134,Mumbai to London
135,Mexico City to Amsterdam via London
136,Barcelona to London
137,London to Lanzarote
138,Marrakech to London Heathrow
139,London Heathrow to Marrakech
140,London to Algiers
141,Miami to Munich via London
142,New York to London
143,Cairo to London
144,Mumbai to Nassau via London
145,Johannesburg to London
146,Munich to London Heathrow
147,Amsterdam to London
148,Heathrow to Belfast City
149,Gatwick to Dubrovnik
150,London Heathrow to Amsterdam
151,Zagreb to London Heathrow
152,New York JFK to Heathrow
153,Dublin to Orlando via Heathrow
154,London Heathrow to Munich
155,London to Dubai
156,Geneva to London
157,Prague to London
158,Heathrow to Glasgow
159,London Heathrow to Arlanda Stockholm
160,Portland to Tel Aviv via Heathrow
161,Heathrow to Milan Malpensa
162,London to Los Angeles
163,New York to Istanbul via London
164,London Heathrow to Las Vegas
165,London to Cairo
166,London Singapore 
167,London to Dubai
168,Brussels to London
169,Lyon to London
170,London to Lyon
171,Faro to Gatwick 
172,Oslo to London
173,London to Madrid
174,Islamabad to London
175,Edinburgh to London
176,Mexico City to London
177,Palma to Gatwick
178,London to Madrid
179,London Heathrow to Glasgow
180,London to Buenos Aires
181,London to Vancouver
182,Faro to London
183,Heathrow to Johannesburg
184,Cape Town to London
185,London to Male
186,London to Vienna
187,Johannesburg to Los Angeles via London
188,London Gatwick to Alicante
189,London to Tel Aviv
190,London Heathrow to Cape Town
191,Gatwick to Dublin
192,London Heathrow to Athens Greece 
193,Atlanta to London
194,London to Chicago
195,Istanbul to Vancouver via Heathrow
196,Vienna to Los Angeles via London Heathrow
197,London to San francisco
198,London to Belfast
199,Doha to London
200,London to Barbados
201,London Gatwick to Cape Town
202,Cape Town to London
203,London Heathrow to Frankfurt
204,Vancouver to Delhi via London
205,Marseille to London
206,London to Male
207,Keflavik to London Heathrow
208,London Heathrow to Frankfurt
209,London Heathrow to Bangkok via Doha
210,London Gatwick to Cancun
211,London to Phoenix
212,London to Rome
213,Barbados to London Heathrow
214,Doha to  Gatwick
215,Glasgow to London
216,London to Boston
217,London to Prague
218,London to Larnaca
219,Cairo to London
220,Denver to London
221,London to Marrakech
222,San Francisco to London
223,London to Lisbon
224,Montreal to Edinburgh via London Heathrow
225,Miami to Budapest via London
226,Amman Jordan to London UK (Heathrow)
227,Dusseldorf to London via Los Angeles
228,London to Cape Town
229,Milan to Dallas via London 
230,Baltimore to London Heathrow
231,Dubai to Belfast via London
232,Dallas to Bologna via London
233,San Francisco to London
234,London Heathrow to Gibraltar
235,London Heathrow to Nairobi
236,London to Los Angeles
237,Copenhagen to Heathrow
238,Larnaca to London
239,Atlanta to London
240,Madrid to San Francisco via London
241,London to Washington
242,London to San Francisco
243,London to Delhi
244,London to Los Angeles
245,Miami to London Heathrow
246,Dubai to London
247,London to Cairo
248,Orlando to London Gatwick
249,London to Cairo
250,Dallas to London
251,Jersey to London Heathrow
252,London Heathrow to Jersey
253,Istanbul to London Heathrow
254,London Heathrow to New York JFK
255,Gothenburg to Jersey via London
256,Heathrow to Mexico City
257,London to Tampa
258,Sydney to London via Singapore
259,London to Lisbon
260,London to Istanbul
261,London to Manchester
262,London to Rome
263,London Gatwick to Malaga
264,Heathrow to Tenerife
265,Manchester to Seattle via London
266,San Francisco to London
267,Berlin to London City
268,Tel Aviv to London
269,London to Manila via Singapore
270,London to Barcelona
271,Los Angeles to Thessaloniki via London
272,Boston to Dublin via London
273,London to New York
274,Cape Town to London Heathrow
275,Dallas Ft Worth to London
276,London to Amsterdam
277,London to Marrakesh
278,Accra to London
279,Nairobi to New York via London
280,San Francisco to London
281,London to Amman
282,Edinburgh to Washington via London
283,Vancouver to Amsterdam via London
284,Sao Paulo to Heathrow 
285,London to Reykjavik
286,Belfast to London
287,London to Malaga
288,London to Toronto
289,London to Los Angeles
290,Washington to London
291,Nairobi to New York via London
292,Dublin to London City
293,Venice to Baltimore via London Heathrow
294,London to Nairobi
295,London Heathrow to Johannesburg
296,Belfast to London
297,
298,London to Paris
299,Miami to Paris
300,Edmonton to Cairo
301,Amsterdam to Montreal via London
302,Hong Kong to London
303,Belfast to London
304,London to Johannesburg
305,Paris CDG to London Heathrow
306,Portland to London
307,London to Malaga
308,Boston to Edinburgh via Heathrow
309,Edmonton to Santorini via Toronto / London
310,Vancouver to London
311,London to san Francisco
312,London to Amsterdam
313,Cancun to London Gatwick
314,Phoenix to Hamburg via London
315,Dallas Fort-Worth to Toulouse via London
316,London to Thira
317,Islamabad to Manchester via Gatwick
318,Vancouver to London
319,London to Boston
320,Johannesburg to Toronto via London
321,Zurich to London
322,Johannesburg to London Heathrow
323,Miami to Zurich via London
324,Bridgetown to London 
325,London to Malaga
326,Dubrovnik to London
327,Amsterdam to London
328,Columbus to Nairobi via Chicago / London
329,London to Geneva
330,London to Mauritius
331,London Heathrow to Malaga
332,Basel to Johannesburg via London
333,Athens to London
334,London to Mexico City
335,Glasgow to New York
336,London Heathrow to Los Angeles
337,Dubai to Milan Malpensa via London
338,Los Angeles to London
339,London to Cape Town
340,São Paulo to Milan via London
341,Madrid to London Heathrow
342,Dubrovnik to London Heathrow
343,London to Aberdeen
344,Pisa to London Heathrow
345,Johannesburg to Durban
346,Gothenburg to Manchester via London
347,Chicago to London
348,Riyadh to Nice via London
349,London to Glasgow
350,Glasgow to Washington via London
351,Malaga to London
352,Nice to Dallas via London
353,London to Paris
354,Phoenix to Paris via London
355,Phoenix to London Heathrow
356,Santorini to Los Angeles via London
357,London to Tokyo
358,Edinburgh to London City
359,Vancouver to London
360,London to Venice
361,London to Barcelona
362,Barbados to Heathrow
363,Heathrow to Bologna
364,Geneva to London
365,London to Singapore
366,London to Barbados
367,Cape Town to London Heathrow
368,Sydney to Heathrow
369,London to Malaga
370,Austin to London via Dublin
371,Cape Town to London
372,London Heathrow to Funchal
373,Gatwick to Antalya
374,London to Austin
375,Dubai to Heathrow
376,Singapore to London
377,Dublin to Dubai via London
378,London Heathrow to Cairo
379,Male to London
380,Copenhagen to London
381,New York to London
382,London Heathrow to Sofia
383,Athens to Boston via London
384,Cape Town to Glasgow via London
385,Bangalore to London
386,London to Cape Town
387,Lisbon to London
388,Vancouver to London
389,London to Malaga
390,London to Athens
391,London to Edinburgh
392,Washington to London
393,Accra to London 
394,Dublin to London
395,London to Washington
396,London to Porto
397,Washington to London
398,Montréal to Dubai via London
399,Atlanta to Belfast via Heathrow
400,Cape Town to London Heathrow
401,London Heathrow to Orlando
402,London Heathrow to Dubai
403,New York to Newcastle via London
404,Cape Town to Durban
405,Durban to Cape Town
406,Bangalore to Detroit via London
407,New York to London
408,Las Vegas to London 
409,London to Dubai
410,Warsaw to London
411,Glasgow to London Heathrow
412,London to Cape Town
413,London to Tampa
414,Edinburgh to London
415,London to Edinburgh
416,London Heathrow to Los Angeles
417,London to St Lucia
418,London to Chicago
419,London to Istanbul
420,Dubai to London Heaathrow
421,London to Aberdeen
422,London Gatwick to Cancun
423,Kingston to London
424,London to Delhi
425,Washington DC to Moscow via London
426,Singapore to London
427,Cairo to Portland via London / Seattle
428,London Heathrow to Paris CDG
429,Manchester to London Heathrow
430,London to Tenerife
431,Tenerife to London
432,Stockholm to London Heathrow
433,Frankfurt to London
434,London Heathrow to Tenerife South
435,Heathrow to Tenerife South
436,London to Chicago
437,London to Mexico
438,Manchester to Nassau via London
439,Mumbai to Dublin via London
440,Gibraltar to London
441,Belfast to London
442,Larnaca to London Heathrow
443,Lisbon to London Heathrow
444,Madrid to London
445,London to Bologna
446,London to Alicante
447,London to Larnaca
448,Prague to London
449,Male to London
450,London to Toronto
451,London to Toronto
452,London Heathrow to Athens Greece
453,London to Cayman Islands 
454,London to Prague
455,Larnaca to London Heathrow
456,Heathrow to Manchester 
457,London to Jersey
458,Denver to London
459,Belfast to London
460,Manchester to Aberdeen via Heathrow
461,London Heathrow to Tenerife south
462,London to New York
463,London Heathrow to Larnaca
464,London to Lisbon
465,Frankfurt to London
466,Geneva to Sao Paulo via London
467,Abuja to London
468,Mykonos to New York via London
469,Boston to Tirana London
470,Washington Dulles to London 
471,Gatwick to Catania
472,London to Moscow Domodedovo
473,London to Athens
474,London to Corfu
475,Moscow to London Heathrow
476,London Heathrow to Munich
477,London Heathrow to Nice
478,London to Hong Kong
479,Belfast to Budapest via Heathrow
480,Cancun to Gatwick
481,Gatwick to Cancun
482,
483,Bucharest to Toronto via London
484,Seattle to Bangalore via London
485,London to Mexico City
486,Preveza to London
487,London to Accra
488,London Heathrow to Preveza
489,Durban to Cape Town
490,Aberdeen to London Heathrow
491,Malaga to London
492,Johannesburg to Cape Town
493,Gatwick to Cancun
494,Bridgetown to London
495,Ottawa to Ahmedabad
496,Antigua to London
497,Sofia to London Heathrow
498,Mumbai to London
499,Mexico City to London Heathrow
500,London to Maldives
501,Heathrow to Belfast
502,London to Paris
503,London to Cairo
504,London Heathrow to Dubai
505,London to Tenerife
506,London Heathrow to Lahore
507,London to Venice
508,Munich to London
509,London to Bangalore
510,Warsaw to London-Heathrow
511,London to Santorini
512,London to Paris
513,Berlin to London
514,Newcastle to London Heathrow
515,London to Singapore
516,Austin to London
517,London to Frankfurt
518,London Heathrow to Lyon
519,London City to Edinburgh
520,San Francisco to Edinburgh via London
521,Rome to Los Angeles via London
522,Chicago to Seville via Miami / Madrid
523,London to Tel Aviv
524,San Diego to Barcelona via London
525,Toronto to London
526,Tokyo to London
527,Los Angeles to Paris via London
528,London Heathrow to Toronto 
529,Las Vegas to London Heathrow 
530,Sydney to London via Singapore
531,Zurich to London
532,Vienna to London
533,London-Heathrow to Warsaw
534,Johannesburg to London
535,London to Stockholm
536,London to Budapest
537,Nashville to London via Chicago
538,Vancouver to London
539,London to Marrakesh
540,Seattle to Heathrow
541,Mumbai to London Heathrow
542,London to Valencia
543,London Gatwick to Funchal
544,Chicago to London Heathrow
545,London to New York JFK
546,London to Madrid
547,Frankfurt to Buenos Aires via London
548,London to Paris CDG
549,London City to Berlin
550,London to Beijing
551,Hong Kong to London
552,Mumbai to London
553,London to Delhi
554,Paris to London
555,Singapore to London
556,Gatwick to Malaga
557,Vancouver to London
558,London to Seattle
559,London Heathrow to Nairobi
560,Dubai to London
561,London to Cape Town
562,Rio de Janeiro to London 
563,Johannesburg to Dublin via London
564,Las Vegas to Paris via London
565,Geneva to Gatwick
566,Mexico City to Manchester via London
567,London Heathrow to Sofia
568,Manchester to Melbourne via London / Singapore
569,Madrid to London 
570,Prague to London
571,Johannesburg to London
572,Las Vegas to Gatwick
573,San Diego to Stockholm via London
574,Cape Town to Johannesburg
575,New York to London Heathrow via Copenhagen 
576,Phoenix to London
577,London Heathrow to Bangkok
578,Mumbai to Boston via London
579,"Orlando, Florida to Accra, Ghana"
580,Toronto to Geneva via London
581,Hong Kong to London
582,San Jose to Amsterdam via London
583,Singapore to Paris via London
584,Warsaw to London
585,New York  to London Heathrow
586,London to Los Angeles
587,Johannesburg to Cape Town
588,London to Bangkok
589,London to Johannesburg
590,Boston to Mumbai via London
591,Los Angeles to London
592,Gatwick to Cancun
593,London Gatwick to Glasgow
594,Rio De Janeiro to London Heathrow
595,Gatwick to Tirana
596,Keflavik to London Heathrow
597,London Heathrow to Vancouver
598,Tokyo to London Heathrow
599,London to Hong Kong
600,Los Angeles to London Heathrow
601,Istanbul to London
602,London to Bucharest
603,London to Rio De Janeiro
604,London to Athens
605,Copenhagen to London
606,Budapest to Billund via London
607,Cape Town to Brussels via London
608,Sydney to Toulouse via Singapore / London
609,Sofia to London
610,Edinburgh to Barbados via Gatwick
611,London to Munich
612,Hong Kong to London
613,London to Paris
614,New York to London
615,Austin to London
616,Frankfurt to London
617,London to Glasgow
618,London to San Francisco 
619,Heathrow to Belfast
620,London to Singapore
621,Toulouse to London
622,London Heathrow to Stockholm
623,Johannesburg to London
624,Johannesburg to London
625,London Heathrow to Miami
626,Stockholm to London Heathrow
627,London to Sydney via Singapore
628,London to New York JFK
629,Gatwick to Bridgetown
630,Brussels to Bangkok via London
631,San Francisco to Oslo via London
632,Los Angeles to Berlin via London
633,London to Johannesburg 
634,London to Bangalore
635,London to Sydney via Singapore
636,Lisbon to London
637,London Heathrow to Glasgow
638,doha to londonDoha to London
639,London to Buenos Aires
640,San Francisco to London
641,Sydney to Singapore
642,London to Mauritius
643,Los Angeles to Amsterdam via London
644,London to Vancouver
645,New York to Paris via London
646,London Heathrow to Lisbon
647,London to Boston
648,Tirana to London 
649,Gatwick to St Lucia
650,London to Singapore
651,London to San Francisco
652,Gatwick to Venice
653,Bordeaux to Gatwick
654,Seychelles to London
655,London to Belfast
656,London to Cape Town
657,San Jose to London
658,London Heathrow to Edinburgh
659,Gatwick to Barbados
660,Toronto to London
661,Jeddah to London
662,Zurich to London
663,San Francisco to London
664,London to Belfast
665,London Gatwick to Salzburg 
666,Frankfurt to London
667,Hyderabad to San Francisco via London
668,Vancouver to London
669,London to Malaga
670,Brussels to London
671,London to Singapore
672,Kuala Lumpur to Glasgow via London
673,London Heathrow to Seychelles
674,Edinburgh to London Heathrow
675,Amman to London
676,London to Athens
677,New York JFK to London
678,Buenos Aires to London Heathrow
679,Mexico City to Barcelona via London Heathrow
680,Bari to London Gatwick
681,Abu Dhabi to London Heathrow
682,London Heathrow to Abu Dhabi
683,Johannesburg to Amsterdam via London
684,Dubai to London Heathrow
685,Istanbul to New York via London
686,Rome to London Heathrow
687,London to Athens
688,London Heathrow to Newcastle
689,Calgary to Gothenburg via London
690,Kuala Lumpur to London
691,Austin to London
692,London to Kuala Lumpur
693,Newark to Madrid via London
694,Kos to Gatwick
695,Gatwick to Alicante
696,Vancouver to London
697,Gatwick to Alicante
698,London Heathrow to Austin
699,London Heathrow to Austin
700,London Gatwick to Jersey
701,Cephalonia to London 
702,Chicago to Zurich via London
703,Glasgow to London
704,London Heathrow to Berlin Tegel
705,London to Milan
706,London to Geneva
707,Los Angeles to Istanbul via London
708,Phoenix to Tel Aviv via London
709,London to Kefalonia 
710,London to Dublin
711,Hong Kong to London
712,Gatwick to Seville
713,London Heathrow to Abuja Nigeria
714,London to Bangkok
715,Belfast to San Francisco via London
716,London to Gothenburg
717,Orlando to Gatwick
718,Mahe to Stockholm via London 
719,Glasgow to Tampa via Gatwick
720,Orlando to Gatwick
721,London to Abu Dhabi
722,London to St Petersburgh
723,Sydney to London via Singapore
724,London to Johannesburg
725,Palma de Mallorca to London Heathrow
726,Chennai to London
727,Edinburgh to Kuala Lumpur via London
728,London City to Amsterdam
729,Dublin to Mauritius via London
730,London to Shanghai
731,Chicago to Heathrow via Barcelona
732,New Orleans to London
733,Boston to Copenhagen via London
734,Hong Kong to Copenhagen via London 
735,London Gatwick to San Jose Costa Rica
736,London to Dubai
737,Toronto to Pisa London Heathrow
738,London Heathrow to Venice Marco Polo
739,Chicago to London
740,London to Larnaca
741,Gatwick to Orlando
742,London to Munich
743,London to Glasgow
744,London to Hong Kong
745,Vienna to Heathrow
746,Malaga to London 
747,Sydney to Singapore
748,London Heathrow to Inverness
749,Heathrow to Glasgow
750,Inverness to Vancouver via London
751,London Heathrow to Brussels
752,London to Nice
753,Palma to London Heathrow
754,London City to Ibiza
755,London to Faro
756,Calgary to London
757,London Heathrow to Sofia
758,Nice to Kuwait via London
759,Buenos Aires to London Heathrow
760,Hong Kong to London
761,London Heathrow to Las Vegas
762,London Heathrow to Malaga
763,London to Delhi
764,Seattle to Durban via London
765,London Heathrow to Austin
766,Mykonos to London
767,Johannesburg OR Tambo to Cape Town
768,Grenada to Gatwick
769,Prague to London
770,London to Dubai
771,Tel Aviv to Toronto via London
772,Heathrow to Manchester
773,Brussels to Larnaca via London
774,Stockholm to London
775,Toronto to London
776,Orlando to London
777,Lisbon to London
778,Heathrow to Marseille
779,Madrid to London
780,Gatwick to Glasgow
781,Frankfurt to London
782,London to Olbia
783,Rotterdam to London City
784,Dublin to London
785,Barbados to Gatwick
786,London Heathrow to Singapore
787,Madrid to London Heathrow
788,London Heathrow to Oslo
789,Hamburg to Abu Dhabi via London Heathrow
790,New York to Glasgow via London
791,London Heathrow to New York 
792,Gatwick to Bermuda
793,London Heathrow to Larnaca
794,Gatwick to Cagliari
795,Heathrow to Kalamata
796,London to Gothenburg
797,Amsterdam to London
798,Istanbul to London
799,Manchester to Kuala Lumpur via London 
800,London to Dusseldorf
801,London to Seoul 
802,London to Vancouver
803,Newcastle to Delhi via London
804,Miami to Delhi via London Heathrow
805,London to Sydney via Singapore
806,Phoenix to Amsterdam via London
807,Tel Aviv to New York via London
808,Belfast  to Atlanta via London
809,Buenos Aires to London
810,London to Nashville
811,London to Washington
812,Newcastle to Berlin via London
813,Gatwick to Madrid
814,London to Tampa
815,London to Bengaluru
816,London to Delhi
817,London Heathrow to Dubai
818,London to Seattle
819,Johannesburg to London
820,London to Milan
821,Durban to Leeds via Johannesburg / Heathrow
822,London Heathrow to Los Angeles
823,Cape Town to London Heathrow
824,Sofia to Belfast via London
825,Lima to Gatwick
826,Inverness to Auckland via Singapore
827,Heathrow to Singapore
828,Lyon to London
829,Gatwick to Barbados
830,Marseille to London
831,London to Chennai
832,Gatwick to Malaga
833,Boston to London Heathrow
834,London to Cape Town
835,New York to Heathrow 
836,London to Aberdeen
837,Gatwick to Dubrovnik
838,London to Shanghai
839,Faro to Heathrow
840,Vancouver to London
841,Gatwick to Tenerife
842,Washington to London
843,Rome Fiumicino to London City
844,London to Shanghai
845,Seattle to London
846,London City to Zurich
847,Bucharest to London
848,London to Calgary
849,Vancouver to London
850,Miami to London Heathrow
851,Houston to London Heathrow
852,London to Delhi
853,Bucharest to London
854,London Heathrow to Bengaluru
855,Madrid to London
856,Dublin to London Heathrow
857,London to Seattle
858,London to Gibraltar
859,London to Boston
860,London to Doha
861,London Heathrow to Houston
862,Larnaca to London
863,Zurich to London
864,London to Pisa
865,London to Tokyo Narita
866,Bridgetown to Gatwick
867,St Lucia to Gatwick
868,Chicago to London
869,London to Bangalore
870,Hamburg to Abu Dhabi via Heathrow
871,London to Seville
872,Doha to Paris via London
873,Madrid to London
874,Tokyo to London
875,London to Vancouver 
876,London to Mumbai 
877,London to Chicago 
878,Leeds Bradford to Las Vegas via Heathrow
879,Dallas to London Heathrow
880,Tenerife to Heathrow
881,London Heathrow to Larnaca Cyprus
882,Los Angeles to London
883,London to Phoenix
884,San Francisco to London
885,Rome to London
886,Cologne to Gatwick
887,Tampa to Gatwick
888,London Heathrow to Madrid 
889,Gatwick to St Lucia
890,London to Austin
891,London to Pisa
892,Edinburgh to Boston via London
893,Gatwick to Mauritius
894,Heathrow to New York
895,Gatwick to Cape Town
896,New York to Venice via London
897,Chicago to London Heathrow
898,London to Chicago
899,Prague to London Heathrow
900,London City to Florence
901,London to Johannesburg
902,Doha to London Heathrow
903,Miami to Tel Aviv via London
904,London to Seoul
905,London to New York JFK
906,San Diego to London
907,Gatwick to St Lucia
908,London to Chennai
909,London to Tampa
910,Baltimore to London Heathrow
911, Bridgetown to Gatwick
912,London to Athens
913,Amsterdam to London
914,New Orleans to London
915,Tokyo Narita to London Heathrow
916,London to Tokyo Haneda
917,London to Billund
918,San Diego to Frankfurt via London
919,Edinburgh to London Gatwick
920,Geneva to Philadelphia via London
921,London Heathrow to Paris CDG
922,Johannesburg to London
923,Edinburgh to Bangalore via Heathrow
924,Berlin to Johannesburg via London
925,New York JFK to London Heathrow
926,London to Milan 
927,New York to London via Geneva
928,Johannesburg to London 
929,London to Johannesburg 
930,London to Johannesburg
931,London to Dublin
932,Bermuda to Gatwick
933,Kuala Lumpur to Miami via London
934,Zurich to Heathrow
935,Miami to London
936,Copenhagen to Amsterdam via London Heathrow
937,Antigua to Gatwick
938,Bucharest to London Heathrow to Los Angeles
939,London to Miami
940,London to Calgary
941,Calgary to London
942,Bangalore to London
943,Barcelona to New York via London
944,Gatwick to Fort Lauderdale
945,London to Bologna
946,Venice to London City
947,San Francisco to London
948,Heathrow to Vancouver
949,London to Bucharest
950,Stuttgart to London
951,London to Boston
952,Boston to London
953,London to Athens
954,London to Johannesburg
955,Newark to Bangalore via London
956,London to Berlin
957,London to Mumbai
958,Athens to Los Angeles via London
959,Heathrow to Sydney via Singapore
960,Leeds Bradford to London Heathrow
961,Gatwick to Tenerife
962,Denver to Paris via London
963,Johannesburg to London
964,London to Kuala Lumpur
965,Los Angeles to London Heathrow
966,Seattle to London
967,Gatwick to Barbados
968,Moscow to London
969,Johannesburg to London 
970,Bridgetown to Gatwick
971,Glasgow to New York via London
972,Sydney to London via Singapore
973,Johannesburg to London
974,Antigua to Gatwick
975,Gatwick to Barbados
976,Cape Town to London
977,Bucharest to London
978,Kuala Lumpur to Mexico City via London
979,Miami to London
980,London Gatwick to Tampa
981,Bordeaux to London Gatwick
982,Los Angeles to Rome via London
983,Gatwick to Las Vegas
984,Nassau to London
985,Phoenix to Accra via London
986,Manchester to London
987,San Diego to Hannover via London
988,London Heathrow to Stuttgart
989,London to Johannesburg
990,London to Dubai
991,Vancouver to London Heathrow
992,Boston to Nairobi via London
993,Basel to San Fransisco via Heathrow
994,London to Lyon
995,London to Boston
996,Stockholm to London
997,Amsterdam to London
998,Buenos Aires to London
999,Riyadh to London
